SUB_ID,cohort,model_name,output_type,F1
MRS_0_0,MRi-Share,ishare_only,Cluster,0.5833333333333334
MRS_0_1,MRi-Share,ishare_only,Cluster,0.5
MRS_0_2,MRi-Share,ishare_only,Cluster,0.6666666666666666
MRS_0_3,MRi-Share,ishare_only,Cluster,0.4347826086956521
MRS_0_4,MRi-Share,ishare_only,Cluster,0.6666666666666666
MRS_0_5,MRi-Share,ishare_only,Cluster,0.6666666666666666
MRS_0_6,MRi-Share,ishare_only,Cluster,0.5789473684210527
MRS_0_7,MRi-Share,ishare_only,Cluster,0.3333333333333333
MRS_0_0,MRi-Share,ishare_only,Voxel,0.3851590106007067
MRS_0_1,MRi-Share,ishare_only,Voxel,0.3703703703703703
MRS_0_2,MRi-Share,ishare_only,Voxel,0.7441860465116279
MRS_0_3,MRi-Share,ishare_only,Voxel,0.6485623003194888
MRS_0_4,MRi-Share,ishare_only,Voxel,0.4583333333333333
MRS_0_5,MRi-Share,ishare_only,Voxel,0.5167118337850045
MRS_0_6,MRi-Share,ishare_only,Voxel,0.4
MRS_0_7,MRi-Share,ishare_only,Voxel,0.4333333333333333
MRS_1_0,MRi-Share,ishare_only,Cluster,0.68
MRS_1_1,MRi-Share,ishare_only,Cluster,0
MRS_1_2,MRi-Share,ishare_only,Cluster,0.4
MRS_1_3,MRi-Share,ishare_only,Cluster,0.6666666666666666
MRS_1_4,MRi-Share,ishare_only,Cluster,0.8333333333333334
MRS_1_5,MRi-Share,ishare_only,Cluster,0.5
MRS_1_6,MRi-Share,ishare_only,Cluster,0.3333333333333333
MRS_1_7,MRi-Share,ishare_only,Cluster,0.5
MRS_1_0,MRi-Share,ishare_only,Voxel,0.5743034055727554
MRS_1_1,MRi-Share,ishare_only,Voxel,0
MRS_1_2,MRi-Share,ishare_only,Voxel,0.6727272727272727
MRS_1_3,MRi-Share,ishare_only,Voxel,0.1379310344827586
MRS_1_4,MRi-Share,ishare_only,Voxel,0.6741573033707865
MRS_1_5,MRi-Share,ishare_only,Voxel,0.4761904761904761
MRS_1_6,MRi-Share,ishare_only,Voxel,0.4885844748858447
MRS_1_7,MRi-Share,ishare_only,Voxel,0.4675324675324675
MRS_2_0,MRi-Share,ishare_only,Cluster,0.4
MRS_2_1,MRi-Share,ishare_only,Cluster,0.3636363636363636
MRS_2_2,MRi-Share,ishare_only,Cluster,0.5652173913043478
MRS_2_3,MRi-Share,ishare_only,Cluster,0.6666666666666666
MRS_2_4,MRi-Share,ishare_only,Cluster,0.5
MRS_2_5,MRi-Share,ishare_only,Cluster,0
MRS_2_6,MRi-Share,ishare_only,Cluster,0.5
MRS_2_7,MRi-Share,ishare_only,Cluster,0.5
MRS_2_0,MRi-Share,ishare_only,Voxel,0.6666666666666666
MRS_2_1,MRi-Share,ishare_only,Voxel,0.273972602739726
MRS_2_2,MRi-Share,ishare_only,Voxel,0.4765100671140939
MRS_2_3,MRi-Share,ishare_only,Voxel,0.5194805194805194
MRS_2_4,MRi-Share,ishare_only,Voxel,0.3587628865979381
MRS_2_5,MRi-Share,ishare_only,Voxel,0
MRS_2_6,MRi-Share,ishare_only,Voxel,0.6255144032921811
MRS_2_7,MRi-Share,ishare_only,Voxel,0.5851063829787234
MRS_3_0,MRi-Share,ishare_only,Cluster,0.6666666666666666
MRS_3_1,MRi-Share,ishare_only,Cluster,0.631578947368421
MRS_3_2,MRi-Share,ishare_only,Cluster,0.6956521739130435
MRS_3_3,MRi-Share,ishare_only,Cluster,0.46875
MRS_3_4,MRi-Share,ishare_only,Cluster,0
MRS_3_5,MRi-Share,ishare_only,Cluster,0.5
MRS_3_6,MRi-Share,ishare_only,Cluster,0.5714285714285714
MRS_3_7,MRi-Share,ishare_only,Cluster,0.7272727272727273
MRS_3_0,MRi-Share,ishare_only,Voxel,0.6024096385542169
MRS_3_1,MRi-Share,ishare_only,Voxel,0.2822822822822823
MRS_3_2,MRi-Share,ishare_only,Voxel,0.5787781350482315
MRS_3_3,MRi-Share,ishare_only,Voxel,0.6255411255411255
MRS_3_4,MRi-Share,ishare_only,Voxel,0
MRS_3_5,MRi-Share,ishare_only,Voxel,0.4914529914529914
MRS_3_6,MRi-Share,ishare_only,Voxel,0.704119850187266
MRS_3_7,MRi-Share,ishare_only,Voxel,0.6019417475728155
MRS_4_0,MRi-Share,ishare_only,Cluster,0.4705882352941176
MRS_4_1,MRi-Share,ishare_only,Cluster,0.6111111111111112
MRS_4_2,MRi-Share,ishare_only,Cluster,0.6666666666666666
MRS_4_3,MRi-Share,ishare_only,Cluster,0.72
MRS_4_4,MRi-Share,ishare_only,Cluster,0.2857142857142857
MRS_4_5,MRi-Share,ishare_only,Cluster,0.6666666666666666
MRS_4_6,MRi-Share,ishare_only,Cluster,0.7
MRS_4_7,MRi-Share,ishare_only,Cluster,0
MRS_4_0,MRi-Share,ishare_only,Voxel,0.4146341463414634
MRS_4_1,MRi-Share,ishare_only,Voxel,0.5728103170338528
MRS_4_2,MRi-Share,ishare_only,Voxel,0.3076923076923077
MRS_4_3,MRi-Share,ishare_only,Voxel,0.6230677764565993
MRS_4_4,MRi-Share,ishare_only,Voxel,0.2553191489361702
MRS_4_5,MRi-Share,ishare_only,Voxel,0.57847533632287
MRS_4_6,MRi-Share,ishare_only,Voxel,0.6780684104627767
MRS_4_7,MRi-Share,ishare_only,Voxel,0
MWC_0,MWC,ishare_only,Cluster,0.6962962962962963
MWC_101,MWC,ishare_only,Cluster,0.35555555555555557
MWC_102,MWC,ishare_only,Cluster,0.8122270742358079
MWC_103,MWC,ishare_only,Cluster,0.6447368421052632
MWC_104,MWC,ishare_only,Cluster,0.810126582278481
MWC_105,MWC,ishare_only,Cluster,0.8118811881188119
MWC_106,MWC,ishare_only,Cluster,0.5454545454545454
MWC_107,MWC,ishare_only,Cluster,0.8
MWC_108,MWC,ishare_only,Cluster,0.7894736842105263
MWC_110,MWC,ishare_only,Cluster,0.6746987951807228
MWC_112,MWC,ishare_only,Cluster,0.8309859154929577
MWC_113,MWC,ishare_only,Cluster,0.8421052631578947
MWC_114,MWC,ishare_only,Cluster,0.8050314465408805
MWC_115,MWC,ishare_only,Cluster,0.75
MWC_116,MWC,ishare_only,Cluster,0.475
MWC_11,MWC,ishare_only,Cluster,0.6491228070175439
MWC_126,MWC,ishare_only,Cluster,0.6055045871559633
MWC_137,MWC,ishare_only,Cluster,0.8054607508532423
MWC_144,MWC,ishare_only,Cluster,0.7464788732394366
MWC_17,MWC,ishare_only,Cluster,0.4927536231884058
MWC_19,MWC,ishare_only,Cluster,0.6111111111111112
MWC_23,MWC,ishare_only,Cluster,0.4
MWC_25,MWC,ishare_only,Cluster,0.4675324675324675
MWC_27,MWC,ishare_only,Cluster,0.392156862745098
MWC_29,MWC,ishare_only,Cluster,0.5413533834586466
MWC_2,MWC,ishare_only,Cluster,0.7228915662650602
MWC_35,MWC,ishare_only,Cluster,0.5161290322580645
MWC_37,MWC,ishare_only,Cluster,0.5302325581395348
MWC_39,MWC,ishare_only,Cluster,0.6666666666666666
MWC_41,MWC,ishare_only,Cluster,0.6825396825396826
MWC_49,MWC,ishare_only,Cluster,0.6666666666666666
MWC_4,MWC,ishare_only,Cluster,0.4901960784313726
MWC_50,MWC,ishare_only,Cluster,0.6820809248554913
MWC_52,MWC,ishare_only,Cluster,0.7692307692307693
MWC_53,MWC,ishare_only,Cluster,0.7586206896551724
MWC_55,MWC,ishare_only,Cluster,0.4782608695652174
MWC_56,MWC,ishare_only,Cluster,0.5681818181818182
MWC_58,MWC,ishare_only,Cluster,0.2857142857142857
MWC_59,MWC,ishare_only,Cluster,0.6909090909090909
MWC_60,MWC,ishare_only,Cluster,0.463768115942029
MWC_61,MWC,ishare_only,Cluster,0.5
MWC_63,MWC,ishare_only,Cluster,0.6222222222222222
MWC_64,MWC,ishare_only,Cluster,0.7415730337078652
MWC_65,MWC,ishare_only,Cluster,0.7058823529411765
MWC_66,MWC,ishare_only,Cluster,0.7375886524822695
MWC_67,MWC,ishare_only,Cluster,0.5806451612903226
MWC_68,MWC,ishare_only,Cluster,0.6097560975609756
MWC_69,MWC,ishare_only,Cluster,0.5979381443298969
MWC_6,MWC,ishare_only,Cluster,0.4
MWC_8,MWC,ishare_only,Cluster,0.6666666666666666
MWC_0,MWC,ishare_only,Voxel,0.07520409004700256
MWC_101,MWC,ishare_only,Voxel,0.21795705920624597
MWC_102,MWC,ishare_only,Voxel,0.5329566854990584
MWC_103,MWC,ishare_only,Voxel,0.23010071474983756
MWC_104,MWC,ishare_only,Voxel,0.2685775579524462
MWC_105,MWC,ishare_only,Voxel,0.2909230769230769
MWC_106,MWC,ishare_only,Voxel,0.1828393135725429
MWC_107,MWC,ishare_only,Voxel,0.2776850306065665
MWC_108,MWC,ishare_only,Voxel,0.48548094373865697
MWC_110,MWC,ishare_only,Voxel,0.5197032916087158
MWC_112,MWC,ishare_only,Voxel,0.4878367773999477
MWC_113,MWC,ishare_only,Voxel,0.3188297911936577
MWC_114,MWC,ishare_only,Voxel,0.3471382952591501
MWC_115,MWC,ishare_only,Voxel,0.36765058795296374
MWC_116,MWC,ishare_only,Voxel,0.5133657351154314
MWC_11,MWC,ishare_only,Voxel,0.440829346092504
MWC_126,MWC,ishare_only,Voxel,0.1955919813932883
MWC_137,MWC,ishare_only,Voxel,0.563537650483909
MWC_144,MWC,ishare_only,Voxel,0.5202833226014166
MWC_17,MWC,ishare_only,Voxel,0.33113874664715925
MWC_19,MWC,ishare_only,Voxel,0.22110397151041264
MWC_23,MWC,ishare_only,Voxel,0.16220130340333092
MWC_25,MWC,ishare_only,Voxel,0.10870515316460726
MWC_27,MWC,ishare_only,Voxel,0.3501238645747316
MWC_29,MWC,ishare_only,Voxel,0.0905762949648173
MWC_2,MWC,ishare_only,Voxel,0.3484234176071069
MWC_35,MWC,ishare_only,Voxel,0.30708898944193064
MWC_37,MWC,ishare_only,Voxel,0.15762195888997912
MWC_39,MWC,ishare_only,Voxel,0.10112714631833984
MWC_41,MWC,ishare_only,Voxel,0.11811684365867069
MWC_49,MWC,ishare_only,Voxel,0.45082938388625593
MWC_4,MWC,ishare_only,Voxel,0.14064611227121976
MWC_50,MWC,ishare_only,Voxel,0.33945729398140906
MWC_52,MWC,ishare_only,Voxel,0.3913449564134496
MWC_53,MWC,ishare_only,Voxel,0.5520661157024793
MWC_55,MWC,ishare_only,Voxel,0.05391014975041598
MWC_56,MWC,ishare_only,Voxel,0.16669397564039545
MWC_58,MWC,ishare_only,Voxel,0.1278538812785388
MWC_59,MWC,ishare_only,Voxel,0.11835761589403972
MWC_60,MWC,ishare_only,Voxel,0.03866014714618654
MWC_61,MWC,ishare_only,Voxel,0.03512549626539264
MWC_63,MWC,ishare_only,Voxel,0.06201299576693898
MWC_64,MWC,ishare_only,Voxel,0.08254634487583071
MWC_65,MWC,ishare_only,Voxel,0.0908953035741368
MWC_66,MWC,ishare_only,Voxel,0.24425307807273505
MWC_67,MWC,ishare_only,Voxel,0.06374523829099181
MWC_68,MWC,ishare_only,Voxel,0.10114552832999436
MWC_69,MWC,ishare_only,Voxel,0.04465321912130422
MWC_6,MWC,ishare_only,Voxel,0.180490349504434
MWC_8,MWC,ishare_only,Voxel,0.4615384615384616
MRS_47,MRi-Share,base,Voxel,0.4608294930875576
MRS_15,MRi-Share,base,Voxel,0.526813880126183
MRS_44,MRi-Share,base,Voxel,0.4329411764705882
MRS_32,MRi-Share,base,Voxel,0.2968988307066599
MRS_27,MRi-Share,base,Voxel,0.1939799331103679
MRS_20,MRi-Share,base,Voxel,0
MRS_6,MRi-Share,base,Voxel,0.231578947368421
MWC_61,MWC,base,Voxel,0.8041916377527775
MWC_49,MWC,base,Voxel,0.7885959415819155
MWC_27,MWC,base,Voxel,0.2989130434782608
MWC_102,MWC,base,Voxel,0.5735257526747948
MWC_101,MWC,base,Voxel,0.5598186822081916
MWC_69,MWC,base,Voxel,0.8215824076173204
MWC_67,MWC,base,Voxel,0.7485309676894278
MWC_65,MWC,base,Voxel,0.7109302084413565
MRS_47,MRi-Share,base,Cluster,0.6666666666666666
MRS_15,MRi-Share,base,Cluster,0.3636363636363636
MRS_44,MRi-Share,base,Cluster,0.3333333333333333
MRS_32,MRi-Share,base,Cluster,0.4035087719298245
MRS_27,MRi-Share,base,Cluster,0.303030303030303
MRS_20,MRi-Share,base,Cluster,0
MRS_6,MRi-Share,base,Cluster,0.4
MWC_61,MWC,base,Cluster,0.5230769230769231
MWC_49,MWC,base,Cluster,0.5955056179775281
MWC_27,MWC,base,Cluster,0.64
MWC_102,MWC,base,Cluster,0.7677725118483413
MWC_101,MWC,base,Cluster,0.71698113207547165
MWC_69,MWC,base,Cluster,0.6666666666666666
MWC_67,MWC,base,Cluster,0.5517241379310345
MWC_65,MWC,base,Cluster,0.6212121212121212
MRS_46,MRi-Share,base,Voxel,0.3595505617977528
MRS_38,MRi-Share,base,Voxel,0.4396551724137931
MRS_31,MRi-Share,base,Voxel,0
MRS_22,MRi-Share,base,Voxel,0.419672131147541
MRS_5,MRi-Share,base,Voxel,0.2
MRS_2,MRi-Share,base,Voxel,0.2748815165876777
MWC_60,MWC,base,Voxel,0.8574275782155272
MWC_53,MWC,base,Voxel,0.4828571428571429
MWC_4,MWC,base,Voxel,0.7977072310405644
MWC_29,MWC,base,Voxel,0.8492716630726577
MWC_19,MWC,base,Voxel,0.5272557739205279
MWC_126,MWC,base,Voxel,0.5857663518438688
MWC_11,MWC,base,Voxel,0.4385052034058657
MWC_106,MWC,base,Voxel,0.6694677871148459
MWC_8,MWC,base,Voxel,0.4363341443633414
MRS_46,MRi-Share,base,Cluster,0.4
MRS_38,MRi-Share,base,Cluster,0.1818181818181818
MRS_31,MRi-Share,base,Cluster,0
MRS_22,MRi-Share,base,Cluster,0.5333333333333333
MRS_5,MRi-Share,base,Cluster,0.3333333333333333
MRS_2,MRi-Share,base,Cluster,0.2666666666666666
MWC_60,MWC,base,Cluster,0.6268656716417911
MWC_53,MWC,base,Cluster,0.5333333333333333
MWC_4,MWC,base,Cluster,0.4705882352941176
MWC_29,MWC,base,Cluster,0.5423728813559322
MWC_19,MWC,base,Cluster,0.4954128440366973
MWC_126,MWC,base,Cluster,0.7936507936507936
MWC_11,MWC,base,Cluster,0.6222222222222222
MWC_106,MWC,base,Cluster,0.6896551724137931
MWC_8,MWC,base,Cluster,0.3611111111111111
MRS_37,MRi-Share,base,Voxel,0.7223168654173765
MRS_33,MRi-Share,base,Voxel,0.5521472392638037
MRS_29,MRi-Share,base,Voxel,0.3584229390681003
MRS_21,MRi-Share,base,Voxel,0.0727272727272727
MRS_12,MRi-Share,base,Voxel,0.0869565217391304
MRS_10,MRi-Share,base,Voxel,0.0212765957446808
MRS_4,MRi-Share,base,Voxel,0.7
MWC_41,MWC,base,Voxel,0.8590365944734877
MWC_35,MWC,base,Voxel,0.628327473631341
MWC_115,MWC,base,Voxel,0.6621564482029598
MWC_114,MWC,base,Voxel,0.7652525029039217
MWC_105,MWC,base,Voxel,0.7336902800658979
MWC_0,MWC,base,Voxel,0.8017281523257619
MWC_6,MWC,base,Voxel,0.3525423728813559
MWC_63,MWC,base,Voxel,0.8206925376973282
MRS_37,MRi-Share,base,Cluster,0.4705882352941176
MRS_33,MRi-Share,base,Cluster,0.7272727272727273
MRS_29,MRi-Share,base,Cluster,0.5454545454545454
MRS_21,MRi-Share,base,Cluster,0.2
MRS_12,MRi-Share,base,Cluster,0.6666666666666666
MRS_10,MRi-Share,base,Cluster,0.1538461538461538
MRS_4,MRi-Share,base,Cluster,1
MWC_41,MWC,base,Cluster,0.6181818181818182
MWC_35,MWC,base,Cluster,0.6268656716417911
MWC_115,MWC,base,Cluster,0.7671232876712328
MWC_114,MWC,base,Cluster,0.9058823529411764
MWC_105,MWC,base,Cluster,0.7474747474747475
MWC_0,MWC,base,Cluster,0.7368421052631579
MWC_6,MWC,base,Cluster,0.4
MWC_63,MWC,base,Cluster,0.5945945945945946
MRS_8,MRi-Share,base,Voxel,0.3041825095057034
MRS_40,MRi-Share,base,Voxel,0.3699421965317919
MRS_23,MRi-Share,base,Voxel,0.6416107382550336
MRS_19,MRi-Share,base,Voxel,0
MRS_9,MRi-Share,base,Voxel,0.0833333333333333
MRS_48,MRi-Share,base,Voxel,0
MWC_58,MWC,base,Voxel,0.3739919354838709
MWC_56,MWC,base,Voxel,0.8317932922655715
MWC_52,MWC,base,Voxel,0.785224010982154
MWC_25,MWC,base,Voxel,0.8328981723237598
MWC_23,MWC,base,Voxel,0.4418732782369146
MWC_116,MWC,base,Voxel,0.5760142666072224
MWC_107,MWC,base,Voxel,0.7276016675843625
MWC_104,MWC,base,Voxel,0.8299875954365183
MWC_68,MWC,base,Voxel,0.8194169843253246
MRS_8,MRi-Share,base,Cluster,0.5714285714285714
MRS_40,MRi-Share,base,Cluster,0.75
MRS_23,MRi-Share,base,Cluster,0.6206896551724138
MRS_19,MRi-Share,base,Cluster,0
MRS_9,MRi-Share,base,Cluster,0.3333333333333333
MRS_48,MRi-Share,base,Cluster,0
MWC_58,MWC,base,Cluster,0.6285714285714286
MWC_56,MWC,base,Cluster,0.6956521739130435
MWC_52,MWC,base,Cluster,0.5066666666666667
MWC_25,MWC,base,Cluster,0.4561403508771929
MWC_23,MWC,base,Cluster,0.6666666666666666
MWC_116,MWC,base,Cluster,0.5806451612903226
MWC_107,MWC,base,Cluster,0.704225352112676
MWC_104,MWC,base,Cluster,0.8055555555555556
MWC_68,MWC,base,Cluster,0.53125
MRS_45,MRi-Share,base,Voxel,0.1509433962264151
MRS_18,MRi-Share,base,Voxel,0.6410256410256411
MRS_17,MRi-Share,base,Voxel,0.378839590443686
MRS_16,MRi-Share,base,Voxel,0.6739130434782609
MRS_13,MRi-Share,base,Voxel,0.4202898550724637
MRS_3,MRi-Share,base,Voxel,0.5567206863679695
MRS_50,MRi-Share,base,Voxel,0
MWC_50,MWC,base,Voxel,0.8292693216334796
MWC_39,MWC,base,Voxel,0.859831868429868
MWC_17,MWC,base,Voxel,0.6361088871096877
MWC_144,MWC,base,Voxel,0.5347368421052632
MWC_137,MWC,base,Voxel,0.7071038251366121
MWC_113,MWC,base,Voxel,0.8247317817442058
MWC_112,MWC,base,Voxel,0.7168663243962731
MWC_64,MWC,base,Voxel,0.8010291595197255
MRS_45,MRi-Share,base,Cluster,0.6666666666666666
MRS_18,MRi-Share,base,Cluster,0.2857142857142857
MRS_17,MRi-Share,base,Cluster,0.4054054054054054
MRS_16,MRi-Share,base,Cluster,0.8
MRS_13,MRi-Share,base,Cluster,0.4848484848484848
MRS_3,MRi-Share,base,Cluster,0.4571428571428571
MRS_50,MRi-Share,base,Cluster,0
MWC_50,MWC,base,Cluster,0.6950354609929078
MWC_39,MWC,base,Cluster,0.4671532846715328
MWC_17,MWC,base,Cluster,0.4943820224719101
MWC_144,MWC,base,Cluster,0.6950354609929078
MWC_137,MWC,base,Cluster,0.8333333333333334
MWC_113,MWC,base,Cluster,0.8243243243243243
MWC_112,MWC,base,Cluster,0.8226950354609929
MWC_64,MWC,base,Cluster,0.6153846153846154
MRS_42,MRi-Share,base,Voxel,0.4921135646687697
MRS_36,MRi-Share,base,Voxel,0.3187772925764192
MRS_34,MRi-Share,base,Voxel,0.404040404040404
MRS_26,MRi-Share,base,Voxel,0.5046382189239332
MRS_14,MRi-Share,base,Voxel,0.4403669724770642
MRS_11,MRi-Share,base,Voxel,0.5729676787463271
MRS_49,MRi-Share,base,Voxel,0
MWC_59,MWC,base,Voxel,0.8448799495730903
MWC_55,MWC,base,Voxel,0.5261423550087874
MWC_37,MWC,base,Voxel,0.8219541931550989
MWC_2,MWC,base,Voxel,0.8386830710014433
MWC_110,MWC,base,Voxel,0.6569564557730239
MWC_108,MWC,base,Voxel,0.6765432098765433
MWC_103,MWC,base,Voxel,0.814329282170331
MWC_66,MWC,base,Voxel,0.7740456742790465
MRS_42,MRi-Share,base,Cluster,0.5714285714285714
MRS_36,MRi-Share,base,Cluster,0.5384615384615384
MRS_34,MRi-Share,base,Cluster,0.1818181818181818
MRS_26,MRi-Share,base,Cluster,0.6666666666666666
MRS_14,MRi-Share,base,Cluster,0.4
MRS_11,MRi-Share,base,Cluster,0.5116279069767442
MRS_49,MRi-Share,base,Cluster,0
MWC_59,MWC,base,Cluster,0.631578947368421
MWC_55,MWC,base,Cluster,0.5714285714285714
MWC_37,MWC,base,Cluster,0.4870466321243523
MWC_2,MWC,base,Cluster,0.6347826086956522
MWC_110,MWC,base,Cluster,0.7209302325581395
MWC_108,MWC,base,Cluster,0.7428571428571429
MWC_103,MWC,base,Cluster,0.6811594202898551
MWC_66,MWC,base,Cluster,0.7448275862068966
MRS_5,MRi-Share,enh90,Voxel,0.3461538461538461
MRS_6,MRi-Share,enh90,Voxel,0.4230769230769231
MRS_11,MRi-Share,enh90,Voxel,0.6020761245674741
MRS_14,MRi-Share,enh90,Voxel,0.5352112676056338
MRS_48,MRi-Share,enh90,Voxel,1
MRS_15,MRi-Share,enh90,Voxel,0.5835095137420718
MRS_19,MRi-Share,enh90,Voxel,0
MRS_33,MRi-Share,enh90,Voxel,0.2996941896024465
MRS_40,MRi-Share,enh90,Voxel,0.6267281105990783
MRS_42,MRi-Share,enh90,Voxel,0.6216216216216216
MRS_47,MRi-Share,enh90,Voxel,0.5477707006369427
MWC_137,MWC,enh90,Voxel,0.7195561064872203
MWC_106,MWC,enh90,Voxel,0.7308353386043314
MWC_23,MWC,enh90,Voxel,0.394395982024848
MWC_25,MWC,enh90,Voxel,0.7891739398748127
MWC_11,MWC,enh90,Voxel,0.6094588005850804
MWC_67,MWC,enh90,Voxel,0.725521183591123
MWC_68,MWC,enh90,Voxel,0.7748099163479559
MWC_59,MWC,enh90,Voxel,0.8484366864878196
MWC_61,MWC,enh90,Voxel,0.8147376462825989
MWC_52,MWC,enh90,Voxel,0.7845508631620014
MRS_5,MRi-Share,enh90,Cluster,0.4444444444444444
MRS_6,MRi-Share,enh90,Cluster,0.5
MRS_11,MRi-Share,enh90,Cluster,0.5060240963855421
MRS_14,MRi-Share,enh90,Cluster,0.6666666666666666
MRS_48,MRi-Share,enh90,Cluster,1
MRS_15,MRi-Share,enh90,Cluster,0.5454545454545454
MRS_19,MRi-Share,enh90,Cluster,0
MRS_33,MRi-Share,enh90,Cluster,0.6666666666666666
MRS_40,MRi-Share,enh90,Cluster,0.8888888888888888
MRS_42,MRi-Share,enh90,Cluster,1
MRS_47,MRi-Share,enh90,Cluster,0.6
MWC_137,MWC,enh90,Cluster,0.8704318936877077
MWC_106,MWC,enh90,Cluster,0.7058823529411765
MWC_23,MWC,enh90,Cluster,0.463768115942029
MWC_25,MWC,enh90,Cluster,0.5714285714285714
MWC_11,MWC,enh90,Cluster,0.6732673267326733
MWC_67,MWC,enh90,Cluster,0.6153846153846154
MWC_68,MWC,enh90,Cluster,0.6842105263157895
MWC_59,MWC,enh90,Cluster,0.7192982456140351
MWC_61,MWC,enh90,Cluster,0.6451612903225806
MWC_52,MWC,enh90,Cluster,0.7529411764705882
MRS_2,MRi-Share,enh90,Voxel,0.4659340659340659
MRS_4,MRi-Share,enh90,Voxel,0.64
MRS_10,MRi-Share,enh90,Voxel,0.2545454545454545
MRS_17,MRi-Share,enh90,Voxel,0.4190800681431005
MRS_18,MRi-Share,enh90,Voxel,0.6451612903225806
MRS_20,MRi-Share,enh90,Voxel,0
MRS_49,MRi-Share,enh90,Voxel,1
MRS_29,MRi-Share,enh90,Voxel,0.4074074074074074
MWC_110,MWC,enh90,Voxel,0.7039431157078216
MWC_102,MWC,enh90,Voxel,0.6419968074299811
MWC_103,MWC,enh90,Voxel,0.8426783048122201
MWC_104,MWC,enh90,Voxel,0.8058220310949388
MWC_107,MWC,enh90,Voxel,0.7411747033198137
MWC_108,MWC,enh90,Voxel,0.7266926621765332
MWC_29,MWC,enh90,Voxel,0.8421141577590942
MWC_126,MWC,enh90,Voxel,0.6256272439060236
MWC_58,MWC,enh90,Voxel,0.7247990105132962
MWC_69,MWC,enh90,Voxel,0.8308536330838725
MRS_2,MRi-Share,enh90,Cluster,0.631578947368421
MRS_4,MRi-Share,enh90,Cluster,1
MRS_10,MRi-Share,enh90,Cluster,0.5333333333333333
MRS_17,MRi-Share,enh90,Cluster,0.4444444444444444
MRS_18,MRi-Share,enh90,Cluster,0.5
MRS_20,MRi-Share,enh90,Cluster,0
MRS_49,MRi-Share,enh90,Cluster,1
MRS_29,MRi-Share,enh90,Cluster,0.6
MWC_110,MWC,enh90,Cluster,0.8314606741573034
MWC_102,MWC,enh90,Cluster,0.7735849056603774
MWC_103,MWC,enh90,Cluster,0.6792452830188679
MWC_104,MWC,enh90,Cluster,0.8117647058823529
MWC_107,MWC,enh90,Cluster,0.75
MWC_108,MWC,enh90,Cluster,0.8571428571428571
MWC_29,MWC,enh90,Cluster,0.7284768211920529
MWC_126,MWC,enh90,Cluster,0.7049180327868853
MWC_58,MWC,enh90,Cluster,0.7567567567567568
MWC_69,MWC,enh90,Cluster,0.673469387755102
MRS_9,MRi-Share,enh90,Voxel,0.1923076923076923
MRS_12,MRi-Share,enh90,Voxel,0.2758620689655172
MRS_13,MRi-Share,enh90,Voxel,0.5170068027210885
MRS_16,MRi-Share,enh90,Voxel,0.5517241379310345
MRS_27,MRi-Share,enh90,Voxel,0.1034482758620689
MRS_31,MRi-Share,enh90,Voxel,0
MRS_37,MRi-Share,enh90,Voxel,0.7491039426523297
MRS_38,MRi-Share,enh90,Voxel,0.6028708133971292
MWC_144,MWC,enh90,Voxel,0.5982861594391067
MWC_112,MWC,enh90,Voxel,0.7654701183716678
MWC_105,MWC,enh90,Voxel,0.7877311682453766
MWC_4,MWC,enh90,Voxel,0.8276763265846235
MWC_50,MWC,enh90,Voxel,0.8044024458032241
MWC_60,MWC,enh90,Voxel,0.8747745848848919
MWC_53,MWC,enh90,Voxel,0.6020245071923281
MWC_63,MWC,enh90,Voxel,0.8572807723250201
MWC_64,MWC,enh90,Voxel,0.7971206969825755
MWC_55,MWC,enh90,Voxel,0.5582089552238806
MRS_9,MRi-Share,enh90,Cluster,0.5714285714285714
MRS_12,MRi-Share,enh90,Cluster,0.6666666666666666
MRS_13,MRi-Share,enh90,Cluster,0.6060606060606061
MRS_16,MRi-Share,enh90,Cluster,0.8
MRS_27,MRi-Share,enh90,Cluster,0.1538461538461538
MRS_31,MRi-Share,enh90,Cluster,0
MRS_37,MRi-Share,enh90,Cluster,0.7058823529411765
MRS_38,MRi-Share,enh90,Cluster,0.1818181818181818
MWC_144,MWC,enh90,Cluster,0.7769784172661871
MWC_112,MWC,enh90,Cluster,0.8175182481751825
MWC_105,MWC,enh90,Cluster,0.8247422680412371
MWC_4,MWC,enh90,Cluster,0.4901960784313725
MWC_50,MWC,enh90,Cluster,0.7230769230769231
MWC_60,MWC,enh90,Cluster,0.6376811594202898
MWC_53,MWC,enh90,Cluster,0.7228915662650602
MWC_63,MWC,enh90,Cluster,0.6341463414634146
MWC_64,MWC,enh90,Cluster,0.7777777777777778
MWC_55,MWC,enh90,Cluster,0.6984126984126984
MRS_3,MRi-Share,enh90,Voxel,0.5970731707317073
MRS_26,MRi-Share,enh90,Voxel,0.5432098765432098
MRS_32,MRi-Share,enh90,Voxel,0.413196322336398
MRS_36,MRi-Share,enh90,Voxel,0.2696078431372549
MRS_44,MRi-Share,enh90,Voxel,0.5328467153284672
MRS_45,MRi-Share,enh90,Voxel,0
MWC_0,MWC,enh90,Voxel,0.766195767290743
MWC_113,MWC,enh90,Voxel,0.8452140853559589
MWC_101,MWC,enh90,Voxel,0.5982498011137629
MWC_19,MWC,enh90,Voxel,0.5066829349453719
MWC_115,MWC,enh90,Voxel,0.7004736695458345
MWC_2,MWC,enh90,Voxel,0.8475273855505604
MWC_37,MWC,enh90,Voxel,0.8533347086734844
MWC_56,MWC,enh90,Voxel,0.8269306930693069
MWC_6,MWC,enh90,Voxel,0.5100769512641994
MRS_3,MRi-Share,enh90,Cluster,0.4571428571428571
MRS_26,MRi-Share,enh90,Cluster,0.75
MRS_32,MRi-Share,enh90,Cluster,0.4655172413793103
MRS_36,MRi-Share,enh90,Cluster,0.5217391304347826
MRS_44,MRi-Share,enh90,Cluster,0.3333333333333333
MRS_45,MRi-Share,enh90,Cluster,0
MWC_0,MWC,enh90,Cluster,0.8
MWC_113,MWC,enh90,Cluster,0.8695652173913043
MWC_101,MWC,enh90,Cluster,0.6545454545454545
MWC_19,MWC,enh90,Cluster,0.6754966887417219
MWC_115,MWC,enh90,Cluster,0.8222222222222222
MWC_2,MWC,enh90,Cluster,0.8014981273408239
MWC_37,MWC,enh90,Cluster,0.6550218340611353
MWC_56,MWC,enh90,Cluster,0.6987951807228916
MWC_6,MWC,enh90,Cluster,0.5454545454545454
MRS_8,MRi-Share,enh90,Voxel,0.2741935483870967
MRS_21,MRi-Share,enh90,Voxel,0.4146341463414634
MRS_22,MRi-Share,enh90,Voxel,0.3940520446096654
MRS_23,MRi-Share,enh90,Voxel,0.711038961038961
MRS_34,MRi-Share,enh90,Voxel,0.2857142857142857
MRS_50,MRi-Share,enh90,Voxel,1
MRS_46,MRi-Share,enh90,Voxel,0.5454545454545454
MWC_17,MWC,enh90,Voxel,0.6994802812595536
MWC_114,MWC,enh90,Voxel,0.7358393408856848
MWC_27,MWC,enh90,Voxel,0.4722732280572898
MWC_116,MWC,enh90,Voxel,0.6230988593155894
MWC_35,MWC,enh90,Voxel,0.7339175834421033
MWC_39,MWC,enh90,Voxel,0.8632817276885073
MWC_41,MWC,enh90,Voxel,0.875548910049579
MWC_66,MWC,enh90,Voxel,0.7991090550843828
MWC_49,MWC,enh90,Voxel,0.8222369346629702
MWC_8,MWC,enh90,Voxel,0.5878312070657508
MWC_65,MWC,enh90,Voxel,0.7107313773145248
MRS_8,MRi-Share,enh90,Cluster,0.6153846153846154
MRS_21,MRi-Share,enh90,Cluster,0.6666666666666666
MRS_22,MRi-Share,enh90,Cluster,0.5714285714285714
MRS_23,MRi-Share,enh90,Cluster,0.5714285714285714
MRS_34,MRi-Share,enh90,Cluster,0.2222222222222222
MRS_50,MRi-Share,enh90,Cluster,1
MRS_46,MRi-Share,enh90,Cluster,0.6666666666666666
MWC_17,MWC,enh90,Cluster,0.6785714285714286
MWC_114,MWC,enh90,Cluster,0.8837209302325582
MWC_27,MWC,enh90,Cluster,0.7317073170731707
MWC_116,MWC,enh90,Cluster,0.6956521739130435
MWC_35,MWC,enh90,Cluster,0.6744186046511628
MWC_39,MWC,enh90,Cluster,0.656084656084656
MWC_41,MWC,enh90,Cluster,0.6616541353383458
MWC_66,MWC,enh90,Cluster,0.7375886524822695
MWC_49,MWC,enh90,Cluster,0.6530612244897959
MWC_8,MWC,enh90,Cluster,0.6530612244897959
MWC_65,MWC,enh90,Cluster,0.6973684210526315
MRS_5,MRi-Share,enh270,Voxel,0.3859649122807017
MRS_6,MRi-Share,enh270,Voxel,0.3859649122807017
MRS_11,MRi-Share,enh270,Voxel,0.5961236249345206
MRS_14,MRi-Share,enh270,Voxel,0.5428571428571428
MRS_48,MRi-Share,enh270,Voxel,0
MRS_15,MRi-Share,enh270,Voxel,0.6411657559198543
MRS_19,MRi-Share,enh270,Voxel,0.2307692307692307
MRS_33,MRi-Share,enh270,Voxel,0.4055555555555555
MRS_40,MRi-Share,enh270,Voxel,0.6041666666666666
MRS_42,MRi-Share,enh270,Voxel,0.5882352941176471
MRS_47,MRi-Share,enh270,Voxel,0.5070422535211268
MWC_137,MWC,enh270,Voxel,0.7123729233820977
MWC_106,MWC,enh270,Voxel,0.7064807837226827
MWC_23,MWC,enh270,Voxel,0.3615189873417721
MWC_25,MWC,enh270,Voxel,0.7895163469332612
MWC_11,MWC,enh270,Voxel,0.605016468203699
MWC_67,MWC,enh270,Voxel,0.7598368786509424
MWC_68,MWC,enh270,Voxel,0.6970046660980382
MWC_59,MWC,enh270,Voxel,0.8345151780734603
MWC_61,MWC,enh270,Voxel,0.8001971738416037
MWC_52,MWC,enh270,Voxel,0.7896218825422365
MRS_5,MRi-Share,enh270,Cluster,0.6666666666666666
MRS_6,MRi-Share,enh270,Cluster,0.4
MRS_11,MRi-Share,enh270,Cluster,0.6105263157894737
MRS_14,MRi-Share,enh270,Cluster,0.5
MRS_48,MRi-Share,enh270,Cluster,0
MRS_15,MRi-Share,enh270,Cluster,0.8333333333333334
MRS_19,MRi-Share,enh270,Cluster,0.4444444444444444
MRS_33,MRi-Share,enh270,Cluster,0.8
MRS_40,MRi-Share,enh270,Cluster,0.8888888888888888
MRS_42,MRi-Share,enh270,Cluster,0.8888888888888888
MRS_47,MRi-Share,enh270,Cluster,0.7272727272727273
MWC_137,MWC,enh270,Cluster,0.8108108108108109
MWC_106,MWC,enh270,Cluster,0.6451612903225806
MWC_23,MWC,enh270,Cluster,0.4507042253521127
MWC_25,MWC,enh270,Cluster,0.5365853658536586
MWC_11,MWC,enh270,Cluster,0.5686274509803921
MWC_67,MWC,enh270,Cluster,0.5882352941176471
MWC_68,MWC,enh270,Cluster,0.64
MWC_59,MWC,enh270,Cluster,0.6890756302521008
MWC_61,MWC,enh270,Cluster,0.696969696969697
MWC_52,MWC,enh270,Cluster,0.8089887640449438
MRS_2,MRi-Share,enh270,Voxel,0.5094736842105263
MRS_4,MRi-Share,enh270,Voxel,0.6060606060606061
MRS_10,MRi-Share,enh270,Voxel,0.4857142857142857
MRS_17,MRi-Share,enh270,Voxel,0.5745554035567716
MRS_18,MRi-Share,enh270,Voxel,0.6666666666666666
MRS_20,MRi-Share,enh270,Voxel,0.6111111111111112
MRS_49,MRi-Share,enh270,Voxel,1
MRS_29,MRi-Share,enh270,Voxel,0.5885885885885885
MWC_110,MWC,enh270,Voxel,0.682949451228938
MWC_102,MWC,enh270,Voxel,0.648936170212766
MWC_103,MWC,enh270,Voxel,0.8319921316165951
MWC_104,MWC,enh270,Voxel,0.798086692823535
MWC_107,MWC,enh270,Voxel,0.7288701713621841
MWC_108,MWC,enh270,Voxel,0.7269589230238177
MWC_29,MWC,enh270,Voxel,0.8321552579365079
MWC_126,MWC,enh270,Voxel,0.6104681149553342
MWC_58,MWC,enh270,Voxel,0.6985360023902002
MWC_69,MWC,enh270,Voxel,0.8173154003740981
MRS_2,MRi-Share,enh270,Cluster,0.631578947368421
MRS_4,MRi-Share,enh270,Cluster,0.4
MRS_10,MRi-Share,enh270,Cluster,0.5
MRS_17,MRi-Share,enh270,Cluster,0.6593406593406593
MRS_18,MRi-Share,enh270,Cluster,0.4
MRS_20,MRi-Share,enh270,Cluster,0.5714285714285714
MRS_49,MRi-Share,enh270,Cluster,1
MRS_29,MRi-Share,enh270,Cluster,0.7272727272727273
MWC_110,MWC,enh270,Cluster,0.7916666666666666
MWC_102,MWC,enh270,Cluster,0.8266666666666667
MWC_103,MWC,enh270,Cluster,0.7374301675977654
MWC_104,MWC,enh270,Cluster,0.770949720670391
MWC_107,MWC,enh270,Cluster,0.6904761904761905
MWC_108,MWC,enh270,Cluster,0.8108108108108109
MWC_29,MWC,enh270,Cluster,0.7142857142857143
MWC_126,MWC,enh270,Cluster,0.569620253164557
MWC_58,MWC,enh270,Cluster,0.7619047619047619
MWC_69,MWC,enh270,Cluster,0.7207207207207207
MRS_9,MRi-Share,enh270,Voxel,0.5833333333333334
MRS_12,MRi-Share,enh270,Voxel,0.6415094339622641
MRS_13,MRi-Share,enh270,Voxel,0.4980392156862745
MRS_16,MRi-Share,enh270,Voxel,0.6994535519125683
MRS_27,MRi-Share,enh270,Voxel,0.3497942386831276
MRS_31,MRi-Share,enh270,Voxel,0
MRS_37,MRi-Share,enh270,Voxel,0.7676595744680851
MRS_38,MRi-Share,enh270,Voxel,0.591304347826087
MWC_144,MWC,enh270,Voxel,0.6039680494717856
MWC_112,MWC,enh270,Voxel,0.7655033169887511
MWC_105,MWC,enh270,Voxel,0.7932374841942584
MWC_4,MWC,enh270,Voxel,0.8211789236211995
MWC_50,MWC,enh270,Voxel,0.7972043586995355
MWC_60,MWC,enh270,Voxel,0.8746555483669998
MWC_53,MWC,enh270,Voxel,0.6005830903790087
MWC_63,MWC,enh270,Voxel,0.8073254483021748
MWC_64,MWC,enh270,Voxel,0.8153582924919526
MWC_55,MWC,enh270,Voxel,0.5752908587257618
MRS_9,MRi-Share,enh270,Cluster,0.5454545454545454
MRS_12,MRi-Share,enh270,Cluster,0.6666666666666666
MRS_13,MRi-Share,enh270,Cluster,0.5625
MRS_16,MRi-Share,enh270,Cluster,0.8
MRS_27,MRi-Share,enh270,Cluster,0.4242424242424242
MRS_31,MRi-Share,enh270,Cluster,0
MRS_37,MRi-Share,enh270,Cluster,0.9
MRS_38,MRi-Share,enh270,Cluster,0.3076923076923077
MWC_144,MWC,enh270,Cluster,0.7837837837837838
MWC_112,MWC,enh270,Cluster,0.8413793103448276
MWC_105,MWC,enh270,Cluster,0.8514851485148515
MWC_4,MWC,enh270,Cluster,0.5052631578947369
MWC_50,MWC,enh270,Cluster,0.7164179104477612
MWC_60,MWC,enh270,Cluster,0.5797101449275363
MWC_53,MWC,enh270,Cluster,0.6881720430107527
MWC_63,MWC,enh270,Cluster,0.6341463414634146
MWC_64,MWC,enh270,Cluster,0.6741573033707865
MWC_55,MWC,enh270,Cluster,0.75
MRS_3,MRi-Share,enh270,Voxel,0.6
MRS_26,MRi-Share,enh270,Voxel,0.5333333333333333
MRS_32,MRi-Share,enh270,Voxel,0.5747232472324724
MRS_36,MRi-Share,enh270,Voxel,0.4042553191489361
MRS_44,MRi-Share,enh270,Voxel,0.5422740524781341
MRS_45,MRi-Share,enh270,Voxel,0.6333333333333333
MWC_0,MWC,enh270,Voxel,0.7476445211389129
MWC_113,MWC,enh270,Voxel,0.8365730118186935
MWC_101,MWC,enh270,Voxel,0.5964636542239685
MWC_19,MWC,enh270,Voxel,0.5233442513740076
MWC_115,MWC,enh270,Voxel,0.7151621384750219
MWC_2,MWC,enh270,Voxel,0.84243464523871
MWC_37,MWC,enh270,Voxel,0.8590986797684208
MWC_56,MWC,enh270,Voxel,0.8190237524515145
MWC_6,MWC,enh270,Voxel,0.5358744394618834
MRS_3,MRi-Share,enh270,Cluster,0.65
MRS_26,MRi-Share,enh270,Cluster,0.75
MRS_32,MRi-Share,enh270,Cluster,0.6857142857142857
MRS_36,MRi-Share,enh270,Cluster,0.6153846153846154
MRS_44,MRi-Share,enh270,Cluster,0.3636363636363636
MRS_45,MRi-Share,enh270,Cluster,1
MWC_0,MWC,enh270,Cluster,0.7816091954022989
MWC_113,MWC,enh270,Cluster,0.8372093023255814
MWC_101,MWC,enh270,Cluster,0.7241379310344828
MWC_19,MWC,enh270,Cluster,0.6583850931677019
MWC_115,MWC,enh270,Cluster,0.8045977011494253
MWC_2,MWC,enh270,Cluster,0.851985559566787
MWC_37,MWC,enh270,Cluster,0.6528925619834711
MWC_56,MWC,enh270,Cluster,0.6105263157894737
MWC_6,MWC,enh270,Cluster,0.5777777777777777
MRS_8,MRi-Share,enh270,Voxel,0.3883495145631068
MRS_21,MRi-Share,enh270,Voxel,0.4878048780487805
MRS_22,MRi-Share,enh270,Voxel,0.5147058823529411
MRS_23,MRi-Share,enh270,Voxel,0.6409090909090909
MRS_34,MRi-Share,enh270,Voxel,0.4693877551020408
MRS_50,MRi-Share,enh270,Voxel,0
MRS_46,MRi-Share,enh270,Voxel,0.5833333333333334
MWC_17,MWC,enh270,Voxel,0.6670331180431497
MWC_114,MWC,enh270,Voxel,0.7017900338655055
MWC_27,MWC,enh270,Voxel,0.398780487804878
MWC_116,MWC,enh270,Voxel,0.5864877815045519
MWC_35,MWC,enh270,Voxel,0.6947555555555556
MWC_39,MWC,enh270,Voxel,0.8752946751169816
MWC_41,MWC,enh270,Voxel,0.8681948000059192
MWC_66,MWC,enh270,Voxel,0.7982578544547339
MWC_49,MWC,enh270,Voxel,0.832624887883633
MWC_8,MWC,enh270,Voxel,0.6176
MWC_65,MWC,enh270,Voxel,0.7179053646047197
MRS_8,MRi-Share,enh270,Cluster,0.625
MRS_21,MRi-Share,enh270,Cluster,0.75
MRS_22,MRi-Share,enh270,Cluster,0.7058823529411765
MRS_23,MRi-Share,enh270,Cluster,0.5652173913043478
MRS_34,MRi-Share,enh270,Cluster,0.2222222222222222
MRS_50,MRi-Share,enh270,Cluster,0
MRS_46,MRi-Share,enh270,Cluster,0.75
MWC_17,MWC,enh270,Cluster,0.65625
MWC_114,MWC,enh270,Cluster,0.8125
MWC_27,MWC,enh270,Cluster,0.6071428571428571
MWC_116,MWC,enh270,Cluster,0.5714285714285714
MWC_35,MWC,enh270,Cluster,0.6304347826086957
MWC_39,MWC,enh270,Cluster,0.6408839779005525
MWC_41,MWC,enh270,Cluster,0.7006369426751592
MWC_66,MWC,enh270,Cluster,0.7891156462585034
MWC_49,MWC,enh270,Cluster,0.669683257918552
MWC_8,MWC,enh270,Cluster,0.7079646017699115
MWC_65,MWC,enh270,Cluster,0.7305389221556886
MRS_5,MRi-Share,enh300,Voxel,0.3
MRS_6,MRi-Share,enh300,Voxel,0.3793103448275862
MRS_11,MRi-Share,enh300,Voxel,0.616118769883351
MRS_14,MRi-Share,enh300,Voxel,0.5526315789473685
MRS_48,MRi-Share,enh300,Voxel,0
MRS_15,MRi-Share,enh300,Voxel,0.6641929499072357
MRS_19,MRi-Share,enh300,Voxel,0.2745098039215686
MRS_33,MRi-Share,enh300,Voxel,0.4065934065934066
MRS_40,MRi-Share,enh300,Voxel,0.6175438596491228
MRS_42,MRi-Share,enh300,Voxel,0.5747126436781609
MRS_47,MRi-Share,enh300,Voxel,0.5583756345177665
MWC_137,MWC,enh300,Voxel,0.7245370370370371
MWC_106,MWC,enh300,Voxel,0.7297348128643972
MWC_23,MWC,enh300,Voxel,0.3935914552736982
MWC_25,MWC,enh300,Voxel,0.7847142326141211
MWC_11,MWC,enh300,Voxel,0.6081959020489756
MWC_67,MWC,enh300,Voxel,0.7582802290876826
MWC_68,MWC,enh300,Voxel,0.7523964663868179
MWC_59,MWC,enh300,Voxel,0.8459293437473941
MWC_61,MWC,enh300,Voxel,0.7999142489638417
MWC_52,MWC,enh300,Voxel,0.7911634148859296
MRS_5,MRi-Share,enh300,Cluster,0.6666666666666666
MRS_6,MRi-Share,enh300,Cluster,0.4
MRS_11,MRi-Share,enh300,Cluster,0.6526315789473685
MRS_14,MRi-Share,enh300,Cluster,0.6666666666666666
MRS_48,MRi-Share,enh300,Cluster,0
MRS_15,MRi-Share,enh300,Cluster,0.8333333333333334
MRS_19,MRi-Share,enh300,Cluster,0.5
MRS_33,MRi-Share,enh300,Cluster,0.6666666666666666
MRS_40,MRi-Share,enh300,Cluster,0.8888888888888888
MRS_42,MRi-Share,enh300,Cluster,0.8888888888888888
MRS_47,MRi-Share,enh300,Cluster,0.6153846153846154
MWC_137,MWC,enh300,Cluster,0.7885304659498208
MWC_106,MWC,enh300,Cluster,0.6666666666666666
MWC_23,MWC,enh300,Cluster,0.5074626865671642
MWC_25,MWC,enh300,Cluster,0.5609756097560976
MWC_11,MWC,enh300,Cluster,0.6458333333333334
MWC_67,MWC,enh300,Cluster,0.6060606060606061
MWC_68,MWC,enh300,Cluster,0.6419753086419753
MWC_59,MWC,enh300,Cluster,0.6964285714285714
MWC_61,MWC,enh300,Cluster,0.6984126984126984
MWC_52,MWC,enh300,Cluster,0.7857142857142857
MRS_2,MRi-Share,enh300,Voxel,0.5725806451612904
MRS_4,MRi-Share,enh300,Voxel,0.55
MRS_10,MRi-Share,enh300,Voxel,0.4788732394366197
MRS_17,MRi-Share,enh300,Voxel,0.5877551020408164
MRS_18,MRi-Share,enh300,Voxel,0.6666666666666666
MRS_20,MRi-Share,enh300,Voxel,0.6111111111111112
MRS_49,MRi-Share,enh300,Voxel,1
MRS_29,MRi-Share,enh300,Voxel,0.572289156626506
MWC_110,MWC,enh300,Voxel,0.7102990033222591
MWC_102,MWC,enh300,Voxel,0.6581937799043063
MWC_103,MWC,enh300,Voxel,0.8371313826735514
MWC_104,MWC,enh300,Voxel,0.8019423236061017
MWC_107,MWC,enh300,Voxel,0.7380174705658944
MWC_108,MWC,enh300,Voxel,0.737410071942446
MWC_29,MWC,enh300,Voxel,0.832614448542435
MWC_126,MWC,enh300,Voxel,0.6350346242626315
MWC_58,MWC,enh300,Voxel,0.7087105838276616
MWC_69,MWC,enh300,Voxel,0.8343023255813954
MRS_2,MRi-Share,enh300,Cluster,0.631578947368421
MRS_4,MRi-Share,enh300,Cluster,0.5
MRS_10,MRi-Share,enh300,Cluster,0.5
MRS_17,MRi-Share,enh300,Cluster,0.7111111111111111
MRS_18,MRi-Share,enh300,Cluster,0.4
MRS_20,MRi-Share,enh300,Cluster,0.5714285714285714
MRS_49,MRi-Share,enh300,Cluster,1
MRS_29,MRi-Share,enh300,Cluster,0.7272727272727273
MWC_110,MWC,enh300,Cluster,0.8131868131868132
MWC_102,MWC,enh300,Cluster,0.7962962962962963
MWC_103,MWC,enh300,Cluster,0.7325581395348837
MWC_104,MWC,enh300,Cluster,0.770949720670391
MWC_107,MWC,enh300,Cluster,0.7088607594936709
MWC_108,MWC,enh300,Cluster,0.8484848484848485
MWC_29,MWC,enh300,Cluster,0.7142857142857143
MWC_126,MWC,enh300,Cluster,0.625
MWC_58,MWC,enh300,Cluster,0.7692307692307693
MWC_69,MWC,enh300,Cluster,0.7289719626168224
MRS_9,MRi-Share,enh300,Voxel,0.5523809523809524
MRS_12,MRi-Share,enh300,Voxel,0.6071428571428571
MRS_13,MRi-Share,enh300,Voxel,0.5233644859813084
MRS_16,MRi-Share,enh300,Voxel,0.6737967914438503
MRS_27,MRi-Share,enh300,Voxel,0.395112016293279
MRS_31,MRi-Share,enh300,Voxel,0
MRS_37,MRi-Share,enh300,Voxel,0.7541254125412541
MRS_38,MRi-Share,enh300,Voxel,0.5847457627118644
MWC_144,MWC,enh300,Voxel,0.6245812934810616
MWC_112,MWC,enh300,Voxel,0.7688000772275316
MWC_105,MWC,enh300,Voxel,0.7937653207529717
MWC_4,MWC,enh300,Voxel,0.821826205023761
MWC_50,MWC,enh300,Voxel,0.8066247101689301
MWC_60,MWC,enh300,Voxel,0.8780726484773643
MWC_53,MWC,enh300,Voxel,0.6183574879227053
MWC_63,MWC,enh300,Voxel,0.8294915254237288
MWC_64,MWC,enh300,Voxel,0.7972114890972466
MWC_55,MWC,enh300,Voxel,0.5176944471084683
MRS_9,MRi-Share,enh300,Cluster,0.6666666666666666
MRS_12,MRi-Share,enh300,Cluster,0.6666666666666666
MRS_13,MRi-Share,enh300,Cluster,0.6486486486486487
MRS_16,MRi-Share,enh300,Cluster,0.8
MRS_27,MRi-Share,enh300,Cluster,0.5142857142857142
MRS_31,MRi-Share,enh300,Cluster,0
MRS_37,MRi-Share,enh300,Cluster,0.8571428571428571
MRS_38,MRi-Share,enh300,Cluster,0.4285714285714285
MWC_144,MWC,enh300,Cluster,0.8133333333333334
MWC_112,MWC,enh300,Cluster,0.8783783783783784
MWC_105,MWC,enh300,Cluster,0.8380952380952381
MWC_4,MWC,enh300,Cluster,0.4444444444444444
MWC_50,MWC,enh300,Cluster,0.7412587412587412
MWC_60,MWC,enh300,Cluster,0.575
MWC_53,MWC,enh300,Cluster,0.723404255319149
MWC_63,MWC,enh300,Cluster,0.5777777777777777
MWC_64,MWC,enh300,Cluster,0.6956521739130435
MWC_55,MWC,enh300,Cluster,0.6436781609195402
MRS_3,MRi-Share,enh300,Voxel,0.5974264705882353
MRS_26,MRi-Share,enh300,Voxel,0.5679513184584178
MRS_32,MRi-Share,enh300,Voxel,0.5866666666666667
MRS_36,MRi-Share,enh300,Voxel,0.3809523809523809
MRS_44,MRi-Share,enh300,Voxel,0.5784615384615385
MRS_45,MRi-Share,enh300,Voxel,0.6440677966101694
MWC_0,MWC,enh300,Voxel,0.774282450637318
MWC_113,MWC,enh300,Voxel,0.841154055525313
MWC_101,MWC,enh300,Voxel,0.6026003391746749
MWC_19,MWC,enh300,Voxel,0.5173152346249061
MWC_115,MWC,enh300,Voxel,0.7157618978314656
MWC_2,MWC,enh300,Voxel,0.8447697373554519
MWC_37,MWC,enh300,Voxel,0.8618460069720684
MWC_56,MWC,enh300,Voxel,0.8198369565217392
MWC_6,MWC,enh300,Voxel,0.5207100591715976
MRS_3,MRi-Share,enh300,Cluster,0.6153846153846154
MRS_26,MRi-Share,enh300,Cluster,0.8888888888888888
MRS_32,MRi-Share,enh300,Cluster,0.7
MRS_36,MRi-Share,enh300,Cluster,0.5925925925925926
MRS_44,MRi-Share,enh300,Cluster,0.4615384615384615
MRS_45,MRi-Share,enh300,Cluster,1
MWC_0,MWC,enh300,Cluster,0.7738095238095238
MWC_113,MWC,enh300,Cluster,0.8795180722891566
MWC_101,MWC,enh300,Cluster,0.7540983606557377
MWC_19,MWC,enh300,Cluster,0.6708860759493671
MWC_115,MWC,enh300,Cluster,0.8089887640449438
MWC_2,MWC,enh300,Cluster,0.8191881918819188
MWC_37,MWC,enh300,Cluster,0.6609442060085837
MWC_56,MWC,enh300,Cluster,0.6105263157894737
MWC_6,MWC,enh300,Cluster,0.55
MRS_8,MRi-Share,enh300,Voxel,0.3737704918032787
MRS_21,MRi-Share,enh300,Voxel,0.4571428571428571
MRS_22,MRi-Share,enh300,Voxel,0.600896860986547
MRS_23,MRi-Share,enh300,Voxel,0.6312292358803987
MRS_34,MRi-Share,enh300,Voxel,0.4854368932038835
MRS_50,MRi-Share,enh300,Voxel,0
MRS_46,MRi-Share,enh300,Voxel,0.5714285714285714
MWC_17,MWC,enh300,Voxel,0.689343111249805
MWC_114,MWC,enh300,Voxel,0.7058279596057915
MWC_27,MWC,enh300,Voxel,0.4823957911776608
MWC_116,MWC,enh300,Voxel,0.6016030174446017
MWC_35,MWC,enh300,Voxel,0.7288231949971575
MWC_39,MWC,enh300,Voxel,0.8853832710269557
MWC_41,MWC,enh300,Voxel,0.8744259557464066
MWC_66,MWC,enh300,Voxel,0.8024177991169031
MWC_49,MWC,enh300,Voxel,0.8344115091242638
MWC_8,MWC,enh300,Voxel,0.6090712742980562
MWC_65,MWC,enh300,Voxel,0.7803564850236617
MRS_8,MRi-Share,enh300,Cluster,0.625
MRS_21,MRi-Share,enh300,Cluster,0.625
MRS_22,MRi-Share,enh300,Cluster,0.75
MRS_23,MRi-Share,enh300,Cluster,0.5714285714285714
MRS_34,MRi-Share,enh300,Cluster,0.2222222222222222
MRS_50,MRi-Share,enh300,Cluster,0
MRS_46,MRi-Share,enh300,Cluster,0.5
MWC_17,MWC,enh300,Cluster,0.6785714285714286
MWC_114,MWC,enh300,Cluster,0.8421052631578947
MWC_27,MWC,enh300,Cluster,0.6818181818181818
MWC_116,MWC,enh300,Cluster,0.5853658536585366
MWC_35,MWC,enh300,Cluster,0.6966292134831461
MWC_39,MWC,enh300,Cluster,0.6243386243386243
MWC_41,MWC,enh300,Cluster,0.7074829931972789
MWC_66,MWC,enh300,Cluster,0.8079470198675497
MWC_49,MWC,enh300,Cluster,0.7064220183486238
MWC_8,MWC,enh300,Cluster,0.7610619469026548
MWC_65,MWC,enh300,Cluster,0.7361963190184049
MRS_5,MRi-Share,enh400,Voxel,0.3666666666666666
MRS_6,MRi-Share,enh400,Voxel,0.34375
MRS_11,MRi-Share,enh400,Voxel,0.6338684619368203
MRS_14,MRi-Share,enh400,Voxel,0.5609756097560976
MRS_48,MRi-Share,enh400,Voxel,0
MRS_15,MRi-Share,enh400,Voxel,0.6582278481012658
MRS_19,MRi-Share,enh400,Voxel,0.2448979591836734
MRS_33,MRi-Share,enh400,Voxel,0.4196185286103542
MRS_40,MRi-Share,enh400,Voxel,0.5855263157894737
MRS_42,MRi-Share,enh400,Voxel,0.56
MRS_47,MRi-Share,enh400,Voxel,0.5517241379310345
MWC_137,MWC,enh400,Voxel,0.723612345992633
MWC_106,MWC,enh400,Voxel,0.7286340394448503
MWC_23,MWC,enh400,Voxel,0.3783225806451613
MWC_25,MWC,enh400,Voxel,0.7882944510580835
MWC_11,MWC,enh400,Voxel,0.6195085629188384
MWC_67,MWC,enh400,Voxel,0.718695379185121
MWC_68,MWC,enh400,Voxel,0.722721396250808
MWC_59,MWC,enh400,Voxel,0.8467438372060114
MWC_61,MWC,enh400,Voxel,0.803078123337707
MWC_52,MWC,enh400,Voxel,0.7881442248930536
MRS_5,MRi-Share,enh400,Cluster,0.6666666666666666
MRS_6,MRi-Share,enh400,Cluster,0.4
MRS_11,MRi-Share,enh400,Cluster,0.6458333333333334
MRS_14,MRi-Share,enh400,Cluster,0.6666666666666666
MRS_48,MRi-Share,enh400,Cluster,0
MRS_15,MRi-Share,enh400,Cluster,0.7692307692307693
MRS_19,MRi-Share,enh400,Cluster,0.5
MRS_33,MRi-Share,enh400,Cluster,0.6666666666666666
MRS_40,MRi-Share,enh400,Cluster,0.8888888888888888
MRS_42,MRi-Share,enh400,Cluster,0.8
MRS_47,MRi-Share,enh400,Cluster,0.6666666666666666
MWC_137,MWC,enh400,Cluster,0.8156028368794326
MWC_106,MWC,enh400,Cluster,0.7142857142857143
MWC_23,MWC,enh400,Cluster,0.4857142857142857
MWC_25,MWC,enh400,Cluster,0.5517241379310345
MWC_11,MWC,enh400,Cluster,0.7083333333333334
MWC_67,MWC,enh400,Cluster,0.5714285714285714
MWC_68,MWC,enh400,Cluster,0.6582278481012658
MWC_59,MWC,enh400,Cluster,0.6846846846846847
MWC_61,MWC,enh400,Cluster,0.6875
MWC_52,MWC,enh400,Cluster,0.8
MRS_2,MRi-Share,enh400,Voxel,0.5731462925851704
MRS_4,MRi-Share,enh400,Voxel,0.5882352941176471
MRS_10,MRi-Share,enh400,Voxel,0.4822695035460992
MRS_17,MRi-Share,enh400,Voxel,0.5972222222222222
MRS_18,MRi-Share,enh400,Voxel,0.6792452830188679
MRS_20,MRi-Share,enh400,Voxel,0.6111111111111112
MRS_49,MRi-Share,enh400,Voxel,1
MRS_29,MRi-Share,enh400,Voxel,0.5808383233532934
MWC_110,MWC,enh400,Voxel,0.7136461614989222
MWC_102,MWC,enh400,Voxel,0.6526572255215471
MWC_103,MWC,enh400,Voxel,0.8413942943510296
MWC_104,MWC,enh400,Voxel,0.8139720431480181
MWC_107,MWC,enh400,Voxel,0.7502338634237605
MWC_108,MWC,enh400,Voxel,0.7467842704887909
MWC_29,MWC,enh400,Voxel,0.835811899194596
MWC_126,MWC,enh400,Voxel,0.661038204864066
MWC_58,MWC,enh400,Voxel,0.7141133896260555
MWC_69,MWC,enh400,Voxel,0.8339163452626543
MRS_2,MRi-Share,enh400,Cluster,0.631578947368421
MRS_4,MRi-Share,enh400,Cluster,0.5
MRS_10,MRi-Share,enh400,Cluster,0.5
MRS_17,MRi-Share,enh400,Cluster,0.6888888888888889
MRS_18,MRi-Share,enh400,Cluster,0.5
MRS_20,MRi-Share,enh400,Cluster,0.5714285714285714
MRS_49,MRi-Share,enh400,Cluster,1
MRS_29,MRi-Share,enh400,Cluster,0.7272727272727273
MWC_110,MWC,enh400,Cluster,0.8089887640449438
MWC_102,MWC,enh400,Cluster,0.7887323943661971
MWC_103,MWC,enh400,Cluster,0.7305389221556886
MWC_104,MWC,enh400,Cluster,0.7976878612716763
MWC_107,MWC,enh400,Cluster,0.7466666666666667
MWC_108,MWC,enh400,Cluster,0.8823529411764706
MWC_29,MWC,enh400,Cluster,0.7261904761904762
MWC_126,MWC,enh400,Cluster,0.6330935251798561
MWC_58,MWC,enh400,Cluster,0.7441860465116279
MWC_69,MWC,enh400,Cluster,0.7407407407407407
MRS_9,MRi-Share,enh400,Voxel,0.5263157894736842
MRS_12,MRi-Share,enh400,Voxel,0.6181818181818182
MRS_13,MRi-Share,enh400,Voxel,0.512621359223301
MRS_16,MRi-Share,enh400,Voxel,0.6847826086956522
MRS_27,MRi-Share,enh400,Voxel,0.3893442622950819
MRS_31,MRi-Share,enh400,Voxel,0
MRS_37,MRi-Share,enh400,Voxel,0.7597955706984668
MRS_38,MRi-Share,enh400,Voxel,0.592274678111588
MWC_144,MWC,enh400,Voxel,0.6289734236581553
MWC_112,MWC,enh400,Voxel,0.7652568273686287
MWC_105,MWC,enh400,Voxel,0.7944590041183077
MWC_4,MWC,enh400,Voxel,0.8190304426965916
MWC_50,MWC,enh400,Voxel,0.8065421593546248
MWC_60,MWC,enh400,Voxel,0.8776022304832714
MWC_53,MWC,enh400,Voxel,0.616600790513834
MWC_63,MWC,enh400,Voxel,0.8340285098776183
MWC_64,MWC,enh400,Voxel,0.7972229784916962
MWC_55,MWC,enh400,Voxel,0.5574043261231281
MRS_9,MRi-Share,enh400,Cluster,0.6666666666666666
MRS_12,MRi-Share,enh400,Cluster,0.6666666666666666
MRS_13,MRi-Share,enh400,Cluster,0.6486486486486487
MRS_16,MRi-Share,enh400,Cluster,0.8
MRS_27,MRi-Share,enh400,Cluster,0.4375
MRS_31,MRi-Share,enh400,Cluster,0
MRS_37,MRi-Share,enh400,Cluster,0.9
MRS_38,MRi-Share,enh400,Cluster,0.4285714285714285
MWC_144,MWC,enh400,Cluster,0.8333333333333334
MWC_112,MWC,enh400,Cluster,0.8689655172413793
MWC_105,MWC,enh400,Cluster,0.8431372549019608
MWC_4,MWC,enh400,Cluster,0.4158415841584158
MWC_50,MWC,enh400,Cluster,0.7681159420289855
MWC_60,MWC,enh400,Cluster,0.5974025974025974
MWC_53,MWC,enh400,Cluster,0.7252747252747253
MWC_63,MWC,enh400,Cluster,0.5777777777777777
MWC_64,MWC,enh400,Cluster,0.6595744680851063
MWC_55,MWC,enh400,Cluster,0.7631578947368421
MRS_3,MRi-Share,enh400,Voxel,0.5982142857142857
MRS_26,MRi-Share,enh400,Voxel,0.5485714285714286
MRS_32,MRi-Share,enh400,Voxel,0.5915107256960292
MRS_36,MRi-Share,enh400,Voxel,0.4243697478991596
MRS_44,MRi-Share,enh400,Voxel,0.5565217391304348
MRS_45,MRi-Share,enh400,Voxel,0.6181818181818182
MWC_0,MWC,enh400,Voxel,0.771534512264689
MWC_113,MWC,enh400,Voxel,0.8404851563184167
MWC_101,MWC,enh400,Voxel,0.6134163208852006
MWC_19,MWC,enh400,Voxel,0.5165443190533582
MWC_115,MWC,enh400,Voxel,0.7003109980209217
MWC_2,MWC,enh400,Voxel,0.8433371780084583
MWC_37,MWC,enh400,Voxel,0.8622186959030583
MWC_56,MWC,enh400,Voxel,0.8209644973631273
MWC_6,MWC,enh400,Voxel,0.5554739162380602
MRS_3,MRi-Share,enh400,Cluster,0.6153846153846154
MRS_26,MRi-Share,enh400,Cluster,0.8888888888888888
MRS_32,MRi-Share,enh400,Cluster,0.7
MRS_36,MRi-Share,enh400,Cluster,0.64
MRS_44,MRi-Share,enh400,Cluster,0.4615384615384615
MRS_45,MRi-Share,enh400,Cluster,1
MWC_0,MWC,enh400,Cluster,0.7738095238095238
MWC_113,MWC,enh400,Cluster,0.8711656441717791
MWC_101,MWC,enh400,Cluster,0.7586206896551724
MWC_19,MWC,enh400,Cluster,0.6794871794871795
MWC_115,MWC,enh400,Cluster,0.8470588235294118
MWC_2,MWC,enh400,Cluster,0.8120300751879699
MWC_37,MWC,enh400,Cluster,0.6491228070175439
MWC_56,MWC,enh400,Cluster,0.6373626373626373
MWC_6,MWC,enh400,Cluster,0.5714285714285714
MRS_8,MRi-Share,enh400,Voxel,0.3851351351351351
MRS_21,MRi-Share,enh400,Voxel,0.4748201438848921
MRS_22,MRi-Share,enh400,Voxel,0.6052631578947368
MRS_23,MRi-Share,enh400,Voxel,0.6485260770975056
MRS_34,MRi-Share,enh400,Voxel,0.4854368932038835
MRS_50,MRi-Share,enh400,Voxel,0
MRS_46,MRi-Share,enh400,Voxel,0.5882352941176471
MWC_17,MWC,enh400,Voxel,0.691066006073198
MWC_114,MWC,enh400,Voxel,0.6964023935978467
MWC_27,MWC,enh400,Voxel,0.499359795134443
MWC_116,MWC,enh400,Voxel,0.6142517814726841
MWC_35,MWC,enh400,Voxel,0.7240031274433151
MWC_39,MWC,enh400,Voxel,0.8879367095917307
MWC_41,MWC,enh400,Voxel,0.8810121984441687
MWC_66,MWC,enh400,Voxel,0.7977754422841128
MWC_49,MWC,enh400,Voxel,0.8327978659189594
MWC_8,MWC,enh400,Voxel,0.5816966151274551
MWC_65,MWC,enh400,Voxel,0.735935397039031
MRS_8,MRi-Share,enh400,Cluster,0.625
MRS_21,MRi-Share,enh400,Cluster,0.7058823529411765
MRS_22,MRi-Share,enh400,Cluster,0.7058823529411765
MRS_23,MRi-Share,enh400,Cluster,0.5714285714285714
MRS_34,MRi-Share,enh400,Cluster,0.2222222222222222
MRS_50,MRi-Share,enh400,Cluster,0
MRS_46,MRi-Share,enh400,Cluster,0.5
MWC_17,MWC,enh400,Cluster,0.6545454545454545
MWC_114,MWC,enh400,Cluster,0.8229166666666666
MWC_27,MWC,enh400,Cluster,0.7804878048780488
MWC_116,MWC,enh400,Cluster,0.625
MWC_35,MWC,enh400,Cluster,0.6987951807228916
MWC_39,MWC,enh400,Cluster,0.6595744680851063
MWC_41,MWC,enh400,Cluster,0.7050359712230215
MWC_66,MWC,enh400,Cluster,0.7919463087248322
MWC_49,MWC,enh400,Cluster,0.6956521739130435
MWC_8,MWC,enh400,Cluster,0.7207207207207207
MWC_65,MWC,enh400,Cluster,0.7468354430379747
